model,task_id,layer,mb,info,ready_ms,start_ms,finish_ms,wait_ms,duration_ms
mixtral8x7b,23375228847376,0,0,GROUP_BY forward all2all,12.4926,12.4926,23.3817,0.0000,10.8891
mixtral8x7b,23375228847856,0,0,GROUP_BY forward all2all,12.4926,12.4926,25.4867,0.0000,12.9940
mixtral8x7b,23375228854096,0,0,AGGREGATE forward all2all,60.1705,60.1705,72.5799,0.0000,12.4095
mixtral8x7b,23375228854576,0,0,AGGREGATE forward all2all,62.2754,62.2754,75.3885,0.0000,13.1130
mixtral8x7b,23375228853136,1,0,GROUP_BY forward all2all,85.2438,85.2438,98.4671,0.0000,13.2233
mixtral8x7b,23375228853616,1,0,GROUP_BY forward all2all,88.0523,88.0523,100.2315,0.0000,12.1792
mixtral8x7b,23375228857936,0,1,GROUP_BY forward all2all,88.0449,88.0449,100.8335,0.0000,12.7886
mixtral8x7b,23375228858416,0,1,GROUP_BY forward all2all,88.0449,88.0449,101.9360,0.0000,13.8911
mixtral8x7b,23375228846416,1,0,AGGREGATE forward all2all,135.2531,135.2531,149.2376,0.0000,13.9845
mixtral8x7b,23375228846896,1,0,AGGREGATE forward all2all,137.0175,137.0175,149.2821,0.0000,12.2646
mixtral8x7b,23375228852656,0,1,AGGREGATE forward all2all,138.7247,138.7247,150.5504,0.0000,11.8256
mixtral8x7b,23375228852176,0,1,AGGREGATE forward all2all,137.6223,137.6223,152.3589,0.0000,14.7366
mixtral8x7b,23375228845456,2,0,GROUP_BY forward all2all,161.9010,161.9010,172.5187,0.0000,10.6177
mixtral8x7b,23375228845936,2,0,GROUP_BY forward all2all,161.9455,161.9455,173.8164,0.0000,11.8708
mixtral8x7b,23375228857456,1,1,GROUP_BY forward all2all,163.2142,163.2142,178.1428,0.0000,14.9285
mixtral8x7b,23375228860336,0,2,GROUP_BY forward all2all,164.9983,164.9983,178.2034,0.0000,13.2052
mixtral8x7b,23375228856976,1,1,GROUP_BY forward all2all,165.0227,165.0227,178.3296,0.0000,13.3068
mixtral8x7b,23375228859856,0,2,GROUP_BY forward all2all,164.9983,164.9983,178.9174,0.0000,13.9191
mixtral8x7b,23375228844976,2,0,AGGREGATE forward all2all,210.6056,210.6056,220.6666,0.0000,10.0610
mixtral8x7b,23375228844496,2,0,AGGREGATE forward all2all,209.3080,209.3080,222.0242,0.0000,12.7162
mixtral8x7b,23375228856016,1,1,AGGREGATE forward all2all,215.1156,215.1156,225.7374,0.0000,10.6218
mixtral8x7b,23375228856496,1,1,AGGREGATE forward all2all,214.9288,214.9288,226.7746,0.0000,11.8458
mixtral8x7b,23375228861296,0,2,AGGREGATE forward all2all,214.9922,214.9922,227.6100,0.0000,12.6178
mixtral8x7b,23375228860816,0,2,AGGREGATE forward all2all,215.7062,215.7062,230.6664,0.0000,14.9602
mixtral8x7b,23375228843536,3,0,GROUP_BY forward all2all,234.6866,234.6866,246.2822,0.0000,11.5957
mixtral8x7b,23375228844016,3,0,GROUP_BY forward all2all,233.3290,233.3290,247.2088,0.0000,13.8798
mixtral8x7b,23375228850256,2,1,GROUP_BY forward all2all,238.3836,238.3836,249.7247,0.0000,11.3411
mixtral8x7b,23375228850736,2,1,GROUP_BY forward all2all,239.4209,239.4209,251.5651,0.0000,12.1442
mixtral8x7b,23375228862256,1,2,GROUP_BY forward all2all,240.2567,240.2567,253.2547,0.0000,12.9980
mixtral8x7b,23375228867536,0,3,GROUP_BY forward all2all,243.3058,243.3058,254.7719,0.0000,11.4661
mixtral8x7b,23375228868016,0,3,GROUP_BY forward all2all,243.3058,243.3058,256.3866,0.0000,13.0809
mixtral8x7b,23375228861776,1,2,GROUP_BY forward all2all,243.3131,243.3131,256.5021,0.0000,13.1890
mixtral8x7b,23375228849776,3,0,AGGREGATE forward all2all,283.9932,283.9932,295.5366,0.0000,11.5433
mixtral8x7b,23375228849296,3,0,AGGREGATE forward all2all,283.0667,283.0667,296.8450,0.0000,13.7783
mixtral8x7b,23375228851216,2,1,AGGREGATE forward all2all,286.5140,286.5140,299.1077,0.0000,12.5937
mixtral8x7b,23375228851696,2,1,AGGREGATE forward all2all,288.3544,288.3544,299.5585,0.0000,11.2042
mixtral8x7b,23375228863216,1,2,AGGREGATE forward all2all,290.0408,290.0408,303.3342,0.0000,13.2935
mixtral8x7b,23375228868496,0,3,AGGREGATE forward all2all,291.5606,291.5606,303.4706,0.0000,11.9100
mixtral8x7b,23375228868976,0,3,AGGREGATE forward all2all,293.1754,293.1754,306.5642,0.0000,13.3888
mixtral8x7b,23375228862736,1,2,AGGREGATE forward all2all,293.2882,293.2882,307.0942,0.0000,13.8061
mixtral8x7b,23375228850016,3,0,AGGREGATE backward all2all,301.2052,301.2052,315.1204,0.0000,13.9153
mixtral8x7b,23375228864176,2,2,GROUP_BY forward all2all,315.9809,315.9809,328.1049,0.0000,12.1240
mixtral8x7b,23375228869456,1,3,GROUP_BY forward all2all,319.7347,319.7347,330.3115,0.0000,10.5768
mixtral8x7b,23375228863696,2,2,GROUP_BY forward all2all,319.7429,319.7429,331.7253,0.0000,11.9824
mixtral8x7b,23375228869936,1,3,GROUP_BY forward all2all,319.7347,319.7347,332.0819,0.0000,12.3472
mixtral8x7b,23375228849536,3,0,AGGREGATE backward all2all,314.6556,314.6556,333.9755,0.0000,19.3199
mixtral8x7b,23375228855056,3,1,GROUP_BY forward all2all,314.7134,314.7134,334.0607,0.0000,19.3473
mixtral8x7b,23375228855536,3,1,GROUP_BY forward all2all,314.4158,314.4158,334.2235,0.0000,19.8078
mixtral8x7b,23375228870416,1,3,AGGREGATE forward all2all,367.0975,367.0975,377.5084,0.0000,10.4109
mixtral8x7b,23375228844256,3,0,GROUP_BY backward all2all,367.3268,367.3268,377.6086,0.0000,10.2818
mixtral8x7b,23375228865136,2,2,AGGREGATE forward all2all,364.8941,364.8941,378.2733,0.0000,13.3792
mixtral8x7b,23375228870896,1,3,AGGREGATE forward all2all,368.8680,368.8680,381.7522,0.0000,12.8842
mixtral8x7b,23375228864656,2,2,AGGREGATE forward all2all,368.5145,368.5145,382.9127,0.0000,14.3982
mixtral8x7b,23375228859376,3,1,AGGREGATE forward all2all,388.8940,388.8940,401.2663,0.0000,12.3723
mixtral8x7b,23375228871376,2,3,GROUP_BY forward all2all,395.5526,395.5526,405.7590,0.0000,10.2064
mixtral8x7b,23375228871856,2,3,GROUP_BY forward all2all,395.5526,395.5526,407.1876,0.0000,11.6350
mixtral8x7b,23375228843776,3,0,GROUP_BY backward all2all,395.8332,395.8332,423.7854,0.0000,27.9522
mixtral8x7b,23375228858896,3,1,AGGREGATE forward all2all,407.1241,407.1241,425.7810,0.0000,18.6569
mixtral8x7b,23375228845216,2,0,AGGREGATE backward all2all,418.3242,418.3242,430.6525,0.0000,12.3283
mixtral8x7b,23375228859616,3,1,AGGREGATE backward all2all,419.5671,419.5671,434.7858,0.0000,15.2188
mixtral8x7b,23375228872816,2,3,AGGREGATE forward all2all,443.9769,443.9769,457.5926,0.0000,13.6157
mixtral8x7b,23375228872336,2,3,AGGREGATE forward all2all,442.5482,442.5482,458.1093,0.0000,15.5611
mixtral8x7b,23375228844736,2,0,AGGREGATE backward all2all,449.0846,449.0846,463.2744,0.0000,14.1898
mixtral8x7b,23375228859136,3,1,AGGREGATE backward all2all,466.6004,466.6004,489.1165,0.0000,22.5161
mixtral8x7b,23375228865616,3,2,GROUP_BY forward all2all,466.6411,466.6411,489.2850,0.0000,22.6439
mixtral8x7b,23375228846176,2,0,GROUP_BY backward all2all,485.9631,485.9631,497.0167,0.0000,11.0536
mixtral8x7b,23375228866096,3,2,GROUP_BY forward all2all,486.4566,486.4566,501.3652,0.0000,14.9086
mixtral8x7b,23375228855776,3,1,GROUP_BY backward all2all,488.4596,488.4596,502.4304,0.0000,13.9708
mixtral8x7b,23375228845696,2,0,GROUP_BY backward all2all,505.2648,505.2648,516.8890,0.0000,11.6242
mixtral8x7b,23375228847136,1,0,AGGREGATE backward all2all,522.3157,522.3157,535.5836,0.0000,13.2678
mixtral8x7b,23375228851936,2,1,AGGREGATE backward all2all,537.5063,537.5063,548.8212,0.0000,11.3150
mixtral8x7b,23375228846656,1,0,AGGREGATE backward all2all,542.1880,542.1880,557.2233,0.0000,15.0353
mixtral8x7b,23375228867056,3,2,AGGREGATE forward all2all,560.9666,560.9666,572.2061,0.0000,11.2395
mixtral8x7b,23375228855296,3,1,GROUP_BY backward all2all,550.9742,550.9742,572.5762,0.0000,21.6020
mixtral8x7b,23375228866576,3,2,AGGREGATE forward all2all,562.2651,562.2651,576.0710,0.0000,13.8059
mixtral8x7b,23375228867296,3,2,AGGREGATE backward all2all,577.8747,577.8747,590.0941,0.0000,12.2194
mixtral8x7b,23375228853856,1,0,GROUP_BY backward all2all,577.5727,577.5727,593.6368,0.0000,16.0641
mixtral8x7b,23375228850976,2,1,GROUP_BY backward all2all,590.8116,590.8116,603.4449,0.0000,12.6333
mixtral8x7b,23375228853376,1,0,GROUP_BY backward all2all,599.2125,599.2125,611.8575,0.0000,12.6451
mixtral8x7b,23375228851456,2,1,AGGREGATE backward all2all,597.8755,597.8755,612.0527,0.0000,14.1773
mixtral8x7b,23375228854816,0,0,AGGREGATE backward all2all,618.9356,618.9356,629.4559,0.0000,10.5203
mixtral8x7b,23375228842576,3,3,GROUP_BY forward all2all,615.4490,615.4490,636.9416,0.0000,21.4926
mixtral8x7b,23375228866816,3,2,AGGREGATE backward all2all,615.3912,615.3912,637.1324,0.0000,21.7412
mixtral8x7b,23375228856736,1,1,AGGREGATE backward all2all,628.7439,628.7439,641.6773,0.0000,12.9334
mixtral8x7b,23375228854336,0,0,AGGREGATE backward all2all,637.1563,637.1563,649.5275,0.0000,12.3712
mixtral8x7b,23375228843056,3,3,GROUP_BY forward all2all,641.7820,641.7820,654.9370,0.0000,13.1550
mixtral8x7b,23375228866336,3,2,GROUP_BY backward all2all,643.7679,643.7679,657.3245,0.0000,13.5566
mixtral8x7b,23375228850496,2,1,GROUP_BY backward all2all,654.0431,654.0431,665.2349,0.0000,11.1918
mixtral8x7b,23375228848096,0,0,GROUP_BY backward all2all,671.4451,671.4451,683.4023,0.0000,11.9573
mixtral8x7b,23375228857696,1,1,GROUP_BY backward all2all,683.6664,683.6664,698.2855,0.0000,14.6191
mixtral8x7b,23375228856256,1,1,AGGREGATE backward all2all,690.5340,690.5340,704.6508,0.0000,14.1168
mixtral8x7b,23375228865376,2,2,AGGREGATE backward all2all,691.0781,691.0781,704.6623,0.0000,13.5843
mixtral8x7b,23375228847616,0,0,GROUP_BY backward all2all,691.5167,691.5167,710.0702,0.0000,18.5536
mixtral8x7b,23375228865856,3,2,GROUP_BY backward all2all,698.7992,698.7992,713.7730,0.0000,14.9737
mixtral8x7b,23375228848336,3,3,AGGREGATE forward all2all,710.0902,710.0902,722.5353,0.0000,12.4451
mixtral8x7b,23375228848816,3,3,AGGREGATE forward all2all,714.5384,714.5384,724.9651,0.0000,10.4267
mixtral8x7b,23375228852896,0,1,AGGREGATE backward all2all,723.5843,723.5843,736.5778,0.0000,12.9935
mixtral8x7b,23375228849056,3,3,AGGREGATE backward all2all,730.6337,730.6337,742.7475,0.0000,12.1138
mixtral8x7b,23375228864896,2,2,AGGREGATE backward all2all,739.0722,739.0722,750.3237,0.0000,11.2515
mixtral8x7b,23375228864416,2,2,GROUP_BY backward all2all,746.6527,746.6527,757.0475,0.0000,10.3948
mixtral8x7b,23375228857216,1,1,GROUP_BY backward all2all,746.6399,746.6399,757.2595,0.0000,10.6195
mixtral8x7b,23375228848576,3,3,AGGREGATE backward all2all,744.4460,744.4460,757.7219,0.0000,13.2759
mixtral8x7b,23375228858656,0,1,GROUP_BY backward all2all,778.5669,778.5669,793.0836,0.0000,14.5167
mixtral8x7b,23375228863456,1,2,AGGREGATE backward all2all,782.3465,782.3465,793.9136,0.0000,11.5671
mixtral8x7b,23375228852416,0,1,AGGREGATE backward all2all,782.5583,782.5583,794.5899,0.0000,12.0316
mixtral8x7b,23375228843296,3,3,GROUP_BY backward all2all,784.7383,784.7383,796.2615,0.0000,11.5232
mixtral8x7b,23375228863936,2,2,GROUP_BY backward all2all,792.3141,792.3141,804.8205,0.0000,12.5064
mixtral8x7b,23375228842816,3,3,GROUP_BY backward all2all,799.7127,799.7127,815.6542,0.0000,15.9415
mixtral8x7b,23375228873056,2,3,AGGREGATE backward all2all,821.5608,821.5608,835.2715,0.0000,13.7107
mixtral8x7b,23375228862976,1,2,AGGREGATE backward all2all,830.1195,830.1195,841.1016,0.0000,10.9821
mixtral8x7b,23375228858176,0,1,GROUP_BY backward all2all,836.5790,836.5790,849.6749,0.0000,13.0958
mixtral8x7b,23375228862496,1,2,GROUP_BY backward all2all,835.9027,835.9027,850.4679,0.0000,14.5651
mixtral8x7b,23375228872576,2,3,AGGREGATE backward all2all,840.9534,840.9534,852.4947,0.0000,11.5412
mixtral8x7b,23375228861536,0,2,AGGREGATE backward all2all,875.7666,875.7666,888.6480,0.0000,12.8814
mixtral8x7b,23375228872096,2,3,GROUP_BY backward all2all,877.2619,877.2619,889.2300,0.0000,11.9682
mixtral8x7b,23375228862016,1,2,GROUP_BY backward all2all,883.0907,883.0907,895.1696,0.0000,12.0789
mixtral8x7b,23375228871616,2,3,GROUP_BY backward all2all,894.4850,894.4850,905.7144,0.0000,11.2294
mixtral8x7b,23375228871136,1,3,AGGREGATE backward all2all,914.5291,914.5291,928.8275,0.0000,14.2984
mixtral8x7b,23375228861056,0,2,AGGREGATE backward all2all,920.4684,920.4684,931.1420,0.0000,10.6736
mixtral8x7b,23375228860576,0,2,GROUP_BY backward all2all,930.6371,930.6371,942.3211,0.0000,11.6839
mixtral8x7b,23375228870656,1,3,AGGREGATE backward all2all,931.0134,931.0134,943.7079,0.0000,12.6945
mixtral8x7b,23375228870176,1,3,GROUP_BY backward all2all,970.8166,970.8166,982.6510,0.0000,11.8344
mixtral8x7b,23375228860096,0,2,GROUP_BY backward all2all,973.1312,973.1312,986.5906,0.0000,13.4594
mixtral8x7b,23375228869696,1,3,GROUP_BY backward all2all,985.6971,985.6971,996.9781,0.0000,11.2810
mixtral8x7b,23375228869216,0,3,AGGREGATE backward all2all,1007.9498,1007.9498,1017.8354,0.0000,9.8856
mixtral8x7b,23375228868736,0,3,AGGREGATE backward all2all,1022.2769,1022.2769,1037.4723,0.0000,15.1955
mixtral8x7b,23375228868256,0,3,GROUP_BY backward all2all,1059.8245,1059.8245,1075.6572,0.0000,15.8327
mixtral8x7b,23375228867776,0,3,GROUP_BY backward all2all,1079.4615,1079.4615,1092.4515,0.0000,12.9901
# mixtral8x7b: rounds=128 mean=13.419 ms median=12.883 ms max=27.952 ms fwd_mean=13.213 bwd_mean=13.626 serialized_chain_rounds=30 makespan_ms=1092.452
