pattern,cycle,phase,start_s,end_s,n_gemm
baseline,0,idle,1789676134.0943,1789676194.1537,0
a_35on_350off,0,busy,1789676194.1538,1789676194.1963,4
a_35on_350off,0,idle,1789676194.1963,1789676194.5467,0
a_35on_350off,1,busy,1789676194.5467,1789676194.5891,4
a_35on_350off,1,idle,1789676194.5891,1789676194.9395,0
a_35on_350off,2,busy,1789676194.9395,1789676194.9819,4
a_35on_350off,2,idle,1789676194.9819,1789676195.3322,0
a_35on_350off,3,busy,1789676195.3323,1789676195.3746,4
a_35on_350off,3,idle,1789676195.3746,1789676195.7250,0
a_35on_350off,4,busy,1789676195.7250,1789676195.7674,4
a_35on_350off,4,idle,1789676195.7674,1789676196.1178,0
a_35on_350off,5,busy,1789676196.1178,1789676196.1602,4
a_35on_350off,5,idle,1789676196.1602,1789676196.5105,0
a_35on_350off,6,busy,1789676196.5105,1789676196.5529,4
a_35on_350off,6,idle,1789676196.5529,1789676196.9033,0
a_35on_350off,7,busy,1789676196.9033,1789676196.9457,4
a_35on_350off,7,idle,1789676196.9457,1789676197.2960,0
a_35on_350off,8,busy,1789676197.2961,1789676197.3384,4
a_35on_350off,8,idle,1789676197.3384,1789676197.6888,0
a_35on_350off,9,busy,1789676197.6888,1789676197.7312,4
a_35on_350off,9,idle,1789676197.7312,1789676198.0816,0
a_35on_350off,10,busy,1789676198.0816,1789676198.1240,4
a_35on_350off,10,idle,1789676198.1240,1789676198.4743,0
a_35on_350off,11,busy,1789676198.4744,1789676198.5169,4
a_35on_350off,11,idle,1789676198.5169,1789676198.8672,0
a_35on_350off,12,busy,1789676198.8672,1789676198.9096,4
a_35on_350off,12,idle,1789676198.9096,1789676199.2600,0
a_35on_350off,13,busy,1789676199.2600,1789676199.3024,4
a_35on_350off,13,idle,1789676199.3024,1789676199.6527,0
a_35on_350off,14,busy,1789676199.6528,1789676199.6952,4
a_35on_350off,14,idle,1789676199.6952,1789676200.0455,0
a_35on_350off,15,busy,1789676200.0455,1789676200.0879,4
a_35on_350off,15,idle,1789676200.0879,1789676200.4383,0
a_35on_350off,16,busy,1789676200.4383,1789676200.4807,4
a_35on_350off,16,idle,1789676200.4807,1789676200.8310,0
a_35on_350off,17,busy,1789676200.8310,1789676200.8734,4
a_35on_350off,17,idle,1789676200.8734,1789676201.2238,0
a_35on_350off,18,busy,1789676201.2238,1789676201.2662,4
a_35on_350off,18,idle,1789676201.2662,1789676201.6166,0
a_35on_350off,19,busy,1789676201.6166,1789676201.6590,4
a_35on_350off,19,idle,1789676201.6590,1789676202.0093,0
a_35on_350off,20,settle,1789676202.0093,1789676262.0494,0
b_35on_35off,0,busy,1789676262.0501,1789676262.0927,4
b_35on_35off,0,idle,1789676262.0927,1789676262.1277,0
b_35on_35off,1,busy,1789676262.1278,1789676262.1702,4
b_35on_35off,1,idle,1789676262.1702,1789676262.2053,0
b_35on_35off,2,busy,1789676262.2053,1789676262.2477,4
b_35on_35off,2,idle,1789676262.2477,1789676262.2827,0
b_35on_35off,3,busy,1789676262.2827,1789676262.3252,4
b_35on_35off,3,idle,1789676262.3252,1789676262.3602,0
b_35on_35off,4,busy,1789676262.3602,1789676262.4026,4
b_35on_35off,4,idle,1789676262.4026,1789676262.4377,0
b_35on_35off,5,busy,1789676262.4377,1789676262.4801,4
b_35on_35off,5,idle,1789676262.4801,1789676262.5152,0
b_35on_35off,6,busy,1789676262.5152,1789676262.5576,4
b_35on_35off,6,idle,1789676262.5576,1789676262.5927,0
b_35on_35off,7,busy,1789676262.5927,1789676262.6351,4
b_35on_35off,7,idle,1789676262.6351,1789676262.6701,0
b_35on_35off,8,busy,1789676262.6702,1789676262.7126,4
b_35on_35off,8,idle,1789676262.7126,1789676262.7476,0
b_35on_35off,9,busy,1789676262.7477,1789676262.7901,4
b_35on_35off,9,idle,1789676262.7901,1789676262.8251,0
b_35on_35off,10,busy,1789676262.8251,1789676262.8675,4
b_35on_35off,10,idle,1789676262.8675,1789676262.9026,0
b_35on_35off,11,busy,1789676262.9026,1789676262.9450,4
b_35on_35off,11,idle,1789676262.9450,1789676262.9801,0
b_35on_35off,12,busy,1789676262.9801,1789676263.0225,4
b_35on_35off,12,idle,1789676263.0225,1789676263.0576,0
b_35on_35off,13,busy,1789676263.0576,1789676263.1000,4
b_35on_35off,13,idle,1789676263.1000,1789676263.1350,0
b_35on_35off,14,busy,1789676263.1350,1789676263.1775,4
b_35on_35off,14,idle,1789676263.1775,1789676263.2125,0
b_35on_35off,15,busy,1789676263.2125,1789676263.2549,4
b_35on_35off,15,idle,1789676263.2549,1789676263.2900,0
b_35on_35off,16,busy,1789676263.2900,1789676263.3324,4
b_35on_35off,16,idle,1789676263.3324,1789676263.3675,0
b_35on_35off,17,busy,1789676263.3675,1789676263.4099,4
b_35on_35off,17,idle,1789676263.4099,1789676263.4450,0
b_35on_35off,18,busy,1789676263.4450,1789676263.4874,4
b_35on_35off,18,idle,1789676263.4874,1789676263.5225,0
b_35on_35off,19,busy,1789676263.5225,1789676263.5649,4
b_35on_35off,19,idle,1789676263.5649,1789676263.5999,0
b_35on_35off,20,settle,1789676263.5999,1789676323.6107,0
c_300on_350off,0,busy,1789676323.6118,1789676323.9194,29
c_300on_350off,0,idle,1789676323.9194,1789676324.2698,0
c_300on_350off,1,busy,1789676324.2698,1789676324.5771,29
c_300on_350off,1,idle,1789676324.5771,1789676324.9275,0
c_300on_350off,2,busy,1789676324.9275,1789676325.2349,29
c_300on_350off,2,idle,1789676325.2349,1789676325.5853,0
c_300on_350off,3,busy,1789676325.5853,1789676325.8928,29
c_300on_350off,3,idle,1789676325.8928,1789676326.2431,0
c_300on_350off,4,busy,1789676326.2431,1789676326.5506,29
c_300on_350off,4,idle,1789676326.5506,1789676326.9009,0
c_300on_350off,5,busy,1789676326.9010,1789676327.2083,29
c_300on_350off,5,idle,1789676327.2083,1789676327.5587,0
c_300on_350off,6,busy,1789676327.5587,1789676327.8661,29
c_300on_350off,6,idle,1789676327.8661,1789676328.2164,0
c_300on_350off,7,busy,1789676328.2164,1789676328.5239,29
c_300on_350off,7,idle,1789676328.5239,1789676328.8743,0
c_300on_350off,8,busy,1789676328.8743,1789676329.1817,29
c_300on_350off,8,idle,1789676329.1817,1789676329.5321,0
c_300on_350off,9,busy,1789676329.5321,1789676329.8395,29
c_300on_350off,9,idle,1789676329.8395,1789676330.1899,0
c_300on_350off,10,busy,1789676330.1899,1789676330.4973,29
c_300on_350off,10,idle,1789676330.4973,1789676330.8477,0
c_300on_350off,11,busy,1789676330.8477,1789676331.1551,29
c_300on_350off,11,idle,1789676331.1551,1789676331.5055,0
c_300on_350off,12,busy,1789676331.5055,1789676331.8129,29
c_300on_350off,12,idle,1789676331.8129,1789676332.1632,0
c_300on_350off,13,busy,1789676332.1633,1789676332.4707,29
c_300on_350off,13,idle,1789676332.4707,1789676332.8210,0
c_300on_350off,14,busy,1789676332.8210,1789676333.1284,29
c_300on_350off,14,idle,1789676333.1284,1789676333.4788,0
c_300on_350off,15,busy,1789676333.4788,1789676333.7862,29
c_300on_350off,15,idle,1789676333.7862,1789676334.1366,0
c_300on_350off,16,busy,1789676334.1366,1789676334.4440,29
c_300on_350off,16,idle,1789676334.4440,1789676334.7943,0
c_300on_350off,17,busy,1789676334.7943,1789676335.1017,29
c_300on_350off,17,idle,1789676335.1017,1789676335.4521,0
c_300on_350off,18,busy,1789676335.4521,1789676335.7596,29
c_300on_350off,18,idle,1789676335.7596,1789676336.1099,0
c_300on_350off,19,busy,1789676336.1099,1789676336.4174,29
c_300on_350off,19,idle,1789676336.4174,1789676336.7678,0
c_300on_350off,20,settle,1789676336.7678,1789676396.8278,0
d_60son_60soff,0,busy,1789676396.8560,1789676456.8648,5616
d_60son_60soff,0,idle,1789676456.8648,1789676516.8734,0
d_60son_60soff,1,busy,1789676516.8735,1789676576.8799,5614
d_60son_60soff,1,idle,1789676576.8799,1789676636.9399,0
d_60son_60soff,2,busy,1789676636.9400,1789676696.9478,5613
d_60son_60soff,2,idle,1789676696.9478,1789676757.0078,0
d_60son_60soff,3,settle,1789676757.0079,1789676817.0152,0
